source_list,name,id,level,total,profile_url,strength,defense,speed,dexterity
Legacy List 1,XpecoMan,1767292,20,Unknown,https://www.torn.com/profiles.php?XID=1767292,Unknown,Unknown,Unknown,Unknown
Legacy List 1,fighter20,1556854,16,67,https://www.torn.com/profiles.php?XID=1556854,Unknown,Unknown,Unknown,Unknown
Legacy List 1,vampire1996,1361202,18,67,https://www.torn.com/profiles.php?XID=1361202,Unknown,Unknown,Unknown,Unknown
Legacy List 1,gogo234,1423394,19,67,https://www.torn.com/profiles.php?XID=1423394,Unknown,Unknown,Unknown,Unknown
Legacy List 1,yougo1000,1620516,15,75,https://www.torn.com/profiles.php?XID=1620516,Unknown,Unknown,Unknown,Unknown
Legacy List 1,vuyo,1432102,18,75,https://www.torn.com/profiles.php?XID=1432102,Unknown,Unknown,Unknown,Unknown
Legacy List 1,zycore1,1573781,15,67,https://www.torn.com/profiles.php?XID=1573781,Unknown,Unknown,Unknown,Unknown
Legacy List 1,MUSLIMZ123,1547645,16,59,https://www.torn.com/profiles.php?XID=1547645,Unknown,Unknown,Unknown,Unknown
Legacy List 1,codeofdeath,579202,20,Unknown,https://www.torn.com/profiles.php?XID=579202,Unknown,Unknown,Unknown,Unknown
