source_list,name,id,level,total,strength,defense,speed,dexterity,profile_url
Slinky Leveling Targets,Windangel,321212,23,38,Unknown,Unknown,Unknown,Unknown,https://www.torn.com/profiles.php?XID=321212
Slinky Leveling Targets,insanezane,1411624,23,75,Unknown,Unknown,Unknown,Unknown,https://www.torn.com/profiles.php?XID=1411624
Slinky Leveling Targets,deadlydazza1,382353,23,84,Unknown,Unknown,Unknown,Unknown,https://www.torn.com/profiles.php?XID=382353
Slinky Leveling Targets,wadseee,1182544,22,51,Unknown,Unknown,Unknown,Unknown,https://www.torn.com/profiles.php?XID=1182544
Slinky Leveling Targets,Lazerchild007,1650969,22,94,Unknown,Unknown,Unknown,Unknown,https://www.torn.com/profiles.php?XID=1650969
Slinky Leveling Targets,ozseychick,1503471,21,38,Unknown,Unknown,Unknown,Unknown,https://www.torn.com/profiles.php?XID=1503471
Slinky Leveling Targets,shmall,1446951,21,59,Unknown,Unknown,Unknown,Unknown,https://www.torn.com/profiles.php?XID=1446951
Slinky Leveling Targets,CM_Punket619,1114962,21,59,Unknown,Unknown,Unknown,Unknown,https://www.torn.com/profiles.php?XID=1114962
Slinky Leveling Targets,Thargon,1822211,21,59,Unknown,Unknown,Unknown,Unknown,https://www.torn.com/profiles.php?XID=1822211
Slinky Leveling Targets,chichi,444993,21,59,Unknown,Unknown,Unknown,Unknown,https://www.torn.com/profiles.php?XID=444993
Slinky Leveling Targets,ceebee93,1454901,21,75,Unknown,Unknown,Unknown,Unknown,https://www.torn.com/profiles.php?XID=1454901
Slinky Leveling Targets,ginger1,906645,21,94,Unknown,Unknown,Unknown,Unknown,https://www.torn.com/profiles.php?XID=906645
Slinky Leveling Targets,dre_babz,1701853,20,44,Unknown,Unknown,Unknown,Unknown,https://www.torn.com/profiles.php?XID=1701853
Slinky Leveling Targets,towerhill,1490601,20,51,Unknown,Unknown,Unknown,Unknown,https://www.torn.com/profiles.php?XID=1490601
Slinky Leveling Targets,fighter20,1556854,20,67,Unknown,Unknown,Unknown,Unknown,https://www.torn.com/profiles.php?XID=1556854
Slinky Leveling Targets,don98,1378700,20,75,Unknown,Unknown,Unknown,Unknown,https://www.torn.com/profiles.php?XID=1378700
Slinky Leveling Targets,KingRucker,1749074,20,75,Unknown,Unknown,Unknown,Unknown,https://www.torn.com/profiles.php?XID=1749074
Slinky Leveling Targets,landhead71,1400442,20,84,Unknown,Unknown,Unknown,Unknown,https://www.torn.com/profiles.php?XID=1400442
Slinky Leveling Targets,livehere,969780,20,84,Unknown,Unknown,Unknown,Unknown,https://www.torn.com/profiles.php?XID=969780
Slinky Leveling Targets,fredie,524902,20,84,Unknown,Unknown,Unknown,Unknown,https://www.torn.com/profiles.php?XID=524902
Slinky Leveling Targets,samartin,685929,20,84,Unknown,Unknown,Unknown,Unknown,https://www.torn.com/profiles.php?XID=685929
Slinky Leveling Targets,fredmonkey,648698,20,94,Unknown,Unknown,Unknown,Unknown,https://www.torn.com/profiles.php?XID=648698
Slinky Leveling Targets,Hass101,974933,20,94,Unknown,Unknown,Unknown,Unknown,https://www.torn.com/profiles.php?XID=974933
Slinky Leveling Targets,tutan,1389629,20,94,Unknown,Unknown,Unknown,Unknown,https://www.torn.com/profiles.php?XID=1389629
Slinky Leveling Targets,FLOWRIDER,920348,20,94,Unknown,Unknown,Unknown,Unknown,https://www.torn.com/profiles.php?XID=920348
Slinky Leveling Targets,tnm021,794755,20,94,Unknown,Unknown,Unknown,Unknown,https://www.torn.com/profiles.php?XID=794755
Slinky Leveling Targets,azizul,487342,19,59,Unknown,Unknown,Unknown,Unknown,https://www.torn.com/profiles.php?XID=487342
Slinky Leveling Targets,blackpower12,575872,19,59,Unknown,Unknown,Unknown,Unknown,https://www.torn.com/profiles.php?XID=575872
Slinky Leveling Targets,jt2946,1439547,19,59,Unknown,Unknown,Unknown,Unknown,https://www.torn.com/profiles.php?XID=1439547
Slinky Leveling Targets,aaronyuan,901426,19,59,Unknown,Unknown,Unknown,Unknown,https://www.torn.com/profiles.php?XID=901426
Slinky Leveling Targets,Linners,1475516,19,67,Unknown,Unknown,Unknown,Unknown,https://www.torn.com/profiles.php?XID=1475516
Slinky Leveling Targets,gogo234,1423394,19,67,Unknown,Unknown,Unknown,Unknown,https://www.torn.com/profiles.php?XID=1423394
Slinky Leveling Targets,Mrs-Smiley,2038807,19,75,Unknown,Unknown,Unknown,Unknown,https://www.torn.com/profiles.php?XID=2038807
Slinky Leveling Targets,dmora,1075217,19,75,Unknown,Unknown,Unknown,Unknown,https://www.torn.com/profiles.php?XID=1075217
Slinky Leveling Targets,pug_angel,1602560,19,84,Unknown,Unknown,Unknown,Unknown,https://www.torn.com/profiles.php?XID=1602560
Slinky Leveling Targets,najun18,524669,19,84,Unknown,Unknown,Unknown,Unknown,https://www.torn.com/profiles.php?XID=524669
Slinky Leveling Targets,rabbit132,1301482,19,84,Unknown,Unknown,Unknown,Unknown,https://www.torn.com/profiles.php?XID=1301482
Slinky Leveling Targets,Ophianne,928958,19,94,Unknown,Unknown,Unknown,Unknown,https://www.torn.com/profiles.php?XID=928958
Slinky Leveling Targets,alison_angel,610742,18,59,Unknown,Unknown,Unknown,Unknown,https://www.torn.com/profiles.php?XID=610742
Slinky Leveling Targets,georgebighead,1302033,18,59,Unknown,Unknown,Unknown,Unknown,https://www.torn.com/profiles.php?XID=1302033
Slinky Leveling Targets,ClayDude,1324504,18,67,Unknown,Unknown,Unknown,Unknown,https://www.torn.com/profiles.php?XID=1324504
Slinky Leveling Targets,vuyo,1432102,18,75,Unknown,Unknown,Unknown,Unknown,https://www.torn.com/profiles.php?XID=1432102
Slinky Leveling Targets,vampire1996,1361202,18,84,Unknown,Unknown,Unknown,Unknown,https://www.torn.com/profiles.php?XID=1361202
Slinky Leveling Targets,Boo12,1366126,18,84,Unknown,Unknown,Unknown,Unknown,https://www.torn.com/profiles.php?XID=1366126
Slinky Leveling Targets,superspooky12,1364960,18,84,Unknown,Unknown,Unknown,Unknown,https://www.torn.com/profiles.php?XID=1364960
Slinky Leveling Targets,kaison13,1453389,18,84,Unknown,Unknown,Unknown,Unknown,https://www.torn.com/profiles.php?XID=1453389
Slinky Leveling Targets,ghostbusterz13,1330125,18,84,Unknown,Unknown,Unknown,Unknown,https://www.torn.com/profiles.php?XID=1330125
Slinky Leveling Targets,daniel0434,894991,18,84,Unknown,Unknown,Unknown,Unknown,https://www.torn.com/profiles.php?XID=894991
Slinky Leveling Targets,kirstie76,1396936,18,84,Unknown,Unknown,Unknown,Unknown,https://www.torn.com/profiles.php?XID=1396936
Slinky Leveling Targets,kyro56,1395728,18,94,Unknown,Unknown,Unknown,Unknown,https://www.torn.com/profiles.php?XID=1395728
Slinky Leveling Targets,firelordflame,668482,18,94,Unknown,Unknown,Unknown,Unknown,https://www.torn.com/profiles.php?XID=668482
Slinky Leveling Targets,jakej96,1606267,17,51,Unknown,Unknown,Unknown,Unknown,https://www.torn.com/profiles.php?XID=1606267
Slinky Leveling Targets,ClosetRealtor,2405369,17,59,Unknown,Unknown,Unknown,Unknown,https://www.torn.com/profiles.php?XID=2405369
Slinky Leveling Targets,freaksh0w,1835803,17,67,Unknown,Unknown,Unknown,Unknown,https://www.torn.com/profiles.php?XID=1835803
Slinky Leveling Targets,angelic_layer,554071,17,75,Unknown,Unknown,Unknown,Unknown,https://www.torn.com/profiles.php?XID=554071
Slinky Leveling Targets,whorree_mail_me,1351922,17,84,Unknown,Unknown,Unknown,Unknown,https://www.torn.com/profiles.php?XID=1351922
Slinky Leveling Targets,rjrules1231,1480938,17,84,Unknown,Unknown,Unknown,Unknown,https://www.torn.com/profiles.php?XID=1480938
Slinky Leveling Targets,bloodbones2,1388057,17,84,Unknown,Unknown,Unknown,Unknown,https://www.torn.com/profiles.php?XID=1388057
Slinky Leveling Targets,Airforcegabbone,2359540,17,94,Unknown,Unknown,Unknown,Unknown,https://www.torn.com/profiles.php?XID=2359540
Slinky Leveling Targets,3nergyFull,1936021,17,94,Unknown,Unknown,Unknown,Unknown,https://www.torn.com/profiles.php?XID=1936021
Slinky Leveling Targets,brav_92popo,1322842,16,44,Unknown,Unknown,Unknown,Unknown,https://www.torn.com/profiles.php?XID=1322842
Slinky Leveling Targets,BETCH,585936,16,59,Unknown,Unknown,Unknown,Unknown,https://www.torn.com/profiles.php?XID=585936
Slinky Leveling Targets,pops11,1299741,16,59,Unknown,Unknown,Unknown,Unknown,https://www.torn.com/profiles.php?XID=1299741
Slinky Leveling Targets,HayThi,1025634,16,59,Unknown,Unknown,Unknown,Unknown,https://www.torn.com/profiles.php?XID=1025634
Slinky Leveling Targets,1159391,1159391,16,59,Unknown,Unknown,Unknown,Unknown,https://www.torn.com/profiles.php?XID=1159391
Slinky Leveling Targets,glamorous301,929210,16,59,Unknown,Unknown,Unknown,Unknown,https://www.torn.com/profiles.php?XID=929210
Slinky Leveling Targets,__Something__,1866895,16,67,Unknown,Unknown,Unknown,Unknown,https://www.torn.com/profiles.php?XID=1866895
Slinky Leveling Targets,Johna,1280992,16,75,Unknown,Unknown,Unknown,Unknown,https://www.torn.com/profiles.php?XID=1280992
Slinky Leveling Targets,pumpkin316,1864367,16,75,Unknown,Unknown,Unknown,Unknown,https://www.torn.com/profiles.php?XID=1864367
Slinky Leveling Targets,MUSLIMZ123,1547645,16,75,Unknown,Unknown,Unknown,Unknown,https://www.torn.com/profiles.php?XID=1547645
Slinky Leveling Targets,goddy1601,2048776,16,75,Unknown,Unknown,Unknown,Unknown,https://www.torn.com/profiles.php?XID=2048776
Slinky Leveling Targets,Daishaun,1024614,16,84,Unknown,Unknown,Unknown,Unknown,https://www.torn.com/profiles.php?XID=1024614
Slinky Leveling Targets,Roragon,1860748,16,84,Unknown,Unknown,Unknown,Unknown,https://www.torn.com/profiles.php?XID=1860748
Slinky Leveling Targets,YOLER,2046077,16,84,Unknown,Unknown,Unknown,Unknown,https://www.torn.com/profiles.php?XID=2046077
Slinky Leveling Targets,cb2me,1679616,16,94,Unknown,Unknown,Unknown,Unknown,https://www.torn.com/profiles.php?XID=1679616
Slinky Leveling Targets,fabregas56,1647409,16,94,Unknown,Unknown,Unknown,Unknown,https://www.torn.com/profiles.php?XID=1647409
Slinky Leveling Targets,kerrA,1594057,16,94,Unknown,Unknown,Unknown,Unknown,https://www.torn.com/profiles.php?XID=1594057
Slinky Leveling Targets,rhondas1,1843812,16,94,Unknown,Unknown,Unknown,Unknown,https://www.torn.com/profiles.php?XID=1843812
Slinky Leveling Targets,Elson07,593443,16,94,Unknown,Unknown,Unknown,Unknown,https://www.torn.com/profiles.php?XID=593443
Slinky Leveling Targets,jazzyjake25,1621789,15,59,Unknown,Unknown,Unknown,Unknown,https://www.torn.com/profiles.php?XID=1621789
Slinky Leveling Targets,badboii321,936383,15,59,Unknown,Unknown,Unknown,Unknown,https://www.torn.com/profiles.php?XID=936383
Slinky Leveling Targets,bobkiller3,1422718,15,59,Unknown,Unknown,Unknown,Unknown,https://www.torn.com/profiles.php?XID=1422718
Slinky Leveling Targets,atn,2074175,15,59,Unknown,Unknown,Unknown,Unknown,https://www.torn.com/profiles.php?XID=2074175
Slinky Leveling Targets,lover117,1285131,15,67,Unknown,Unknown,Unknown,Unknown,https://www.torn.com/profiles.php?XID=1285131
Slinky Leveling Targets,croki,1845377,15,67,Unknown,Unknown,Unknown,Unknown,https://www.torn.com/profiles.php?XID=1845377
Slinky Leveling Targets,kalam12345,1436559,15,67,Unknown,Unknown,Unknown,Unknown,https://www.torn.com/profiles.php?XID=1436559
Slinky Leveling Targets,zycore1,1573781,15,67,Unknown,Unknown,Unknown,Unknown,https://www.torn.com/profiles.php?XID=1573781
Slinky Leveling Targets,need-for-zoom,1374128,15,67,Unknown,Unknown,Unknown,Unknown,https://www.torn.com/profiles.php?XID=1374128
Slinky Leveling Targets,XSlayer2009,1609480,15,75,Unknown,Unknown,Unknown,Unknown,https://www.torn.com/profiles.php?XID=1609480
Slinky Leveling Targets,badkid911,975654,15,75,Unknown,Unknown,Unknown,Unknown,https://www.torn.com/profiles.php?XID=975654
Slinky Leveling Targets,sunil1,1265478,15,75,Unknown,Unknown,Unknown,Unknown,https://www.torn.com/profiles.php?XID=1265478
Slinky Leveling Targets,ajh813,1554463,15,84,Unknown,Unknown,Unknown,Unknown,https://www.torn.com/profiles.php?XID=1554463
Slinky Leveling Targets,CommandoTheLion,681299,15,84,Unknown,Unknown,Unknown,Unknown,https://www.torn.com/profiles.php?XID=681299
Slinky Leveling Targets,Crimson1995,1280502,15,84,Unknown,Unknown,Unknown,Unknown,https://www.torn.com/profiles.php?XID=1280502
Slinky Leveling Targets,pegbundy,1236403,15,84,Unknown,Unknown,Unknown,Unknown,https://www.torn.com/profiles.php?XID=1236403
Slinky Leveling Targets,emosurprimo,1615798,15,84,Unknown,Unknown,Unknown,Unknown,https://www.torn.com/profiles.php?XID=1615798
Slinky Leveling Targets,yougo1000,1620516,15,84,Unknown,Unknown,Unknown,Unknown,https://www.torn.com/profiles.php?XID=1620516
Slinky Leveling Targets,Body_slasher,1409469,15,84,Unknown,Unknown,Unknown,Unknown,https://www.torn.com/profiles.php?XID=1409469
Slinky Leveling Targets,Soonerdyy,1704490,15,84,Unknown,Unknown,Unknown,Unknown,https://www.torn.com/profiles.php?XID=1704490
Slinky Leveling Targets,bullet789,1417924,15,84,Unknown,Unknown,Unknown,Unknown,https://www.torn.com/profiles.php?XID=1417924
Slinky Leveling Targets,tantan,1489004,15,84,Unknown,Unknown,Unknown,Unknown,https://www.torn.com/profiles.php?XID=1489004
Slinky Leveling Targets,ronstopable,1181544,15,94,Unknown,Unknown,Unknown,Unknown,https://www.torn.com/profiles.php?XID=1181544
Slinky Leveling Targets,tommy101,1563509,15,94,Unknown,Unknown,Unknown,Unknown,https://www.torn.com/profiles.php?XID=1563509
Slinky Leveling Targets,JayDaIcey,2141315,15,94,Unknown,Unknown,Unknown,Unknown,https://www.torn.com/profiles.php?XID=2141315
