source_list,source_section,name,id,level,total,max_life,profile_url,strength,defense,speed,dexterity
Torn Forum Leveling Targets,Targets under 1000 estimated stats,BritishNecro,2269760,1,40,100,https://www.torn.com/profiles.php?XID=2269760,Unknown,Unknown,Unknown,Unknown
Torn Forum Leveling Targets,Targets under 1000 estimated stats,detroit1005,1602317,1,50,100,https://www.torn.com/profiles.php?XID=1602317,Unknown,Unknown,Unknown,Unknown
Torn Forum Leveling Targets,Targets under 1000 estimated stats,Bambamdasalty,2180357,1,50,100,https://www.torn.com/profiles.php?XID=2180357,Unknown,Unknown,Unknown,Unknown
Torn Forum Leveling Targets,Targets under 1000 estimated stats,Thotttttttie,2315129,1,60,100,https://www.torn.com/profiles.php?XID=2315129,Unknown,Unknown,Unknown,Unknown
Torn Forum Leveling Targets,Targets under 1000 estimated stats,-Diego-,2540644,2,70,125,https://www.torn.com/profiles.php?XID=2540644,Unknown,Unknown,Unknown,Unknown
Torn Forum Leveling Targets,Targets under 1000 estimated stats,--Jasmin--,2099564,2,70,131,https://www.torn.com/profiles.php?XID=2099564,Unknown,Unknown,Unknown,Unknown
Torn Forum Leveling Targets,Targets under 1000 estimated stats,Bomestricys,1788704,3,80,150,https://www.torn.com/profiles.php?XID=1788704,Unknown,Unknown,Unknown,Unknown
Torn Forum Leveling Targets,Targets under 1000 estimated stats,heehaa,1779173,3,80,150,https://www.torn.com/profiles.php?XID=1779173,Unknown,Unknown,Unknown,Unknown
Torn Forum Leveling Targets,Targets under 1000 estimated stats,busak,1698366,3,80,150,https://www.torn.com/profiles.php?XID=1698366,Unknown,Unknown,Unknown,Unknown
Torn Forum Leveling Targets,Targets under 1000 estimated stats,HlaingBowarAung,1454252,20,80,875,https://www.torn.com/profiles.php?XID=1454252,Unknown,Unknown,Unknown,Unknown
Torn Forum Leveling Targets,Targets under 1000 estimated stats,DiamondHead5911,2571078,2,80,125,https://www.torn.com/profiles.php?XID=2571078,Unknown,Unknown,Unknown,Unknown
Torn Forum Leveling Targets,Targets under 1000 estimated stats,777eggo,1928078,10,90,431,https://www.torn.com/profiles.php?XID=1928078,Unknown,Unknown,Unknown,Unknown
Torn Forum Leveling Targets,Targets under 1000 estimated stats,1_PRKSH_1,1995349,10,90,393,https://www.torn.com/profiles.php?XID=1995349,Unknown,Unknown,Unknown,Unknown
Torn Forum Leveling Targets,Targets under 1000 estimated stats,gd123,1925717,3,100,150,https://www.torn.com/profiles.php?XID=1925717,Unknown,Unknown,Unknown,Unknown
Torn Forum Leveling Targets,Targets under 1000 estimated stats,-Cyb3r,2547681,3,110,150,https://www.torn.com/profiles.php?XID=2547681,Unknown,Unknown,Unknown,Unknown
Torn Forum Leveling Targets,Targets under 1000 estimated stats,Humming-bird,2399339,5,120,210,https://www.torn.com/profiles.php?XID=2399339,Unknown,Unknown,Unknown,Unknown
Torn Forum Leveling Targets,Targets under 1000 estimated stats,ML42,2528027,3,140,150,https://www.torn.com/profiles.php?XID=2528027,Unknown,Unknown,Unknown,Unknown
Torn Forum Leveling Targets,Targets under 1000 estimated stats,aleb,2599404,5,140,200,https://www.torn.com/profiles.php?XID=2599404,Unknown,Unknown,Unknown,Unknown
Torn Forum Leveling Targets,Targets under 1000 estimated stats,lun471k,1714608,18,150,775,https://www.torn.com/profiles.php?XID=1714608,Unknown,Unknown,Unknown,Unknown
Torn Forum Leveling Targets,Targets under 1000 estimated stats,Bobilhat,1426849,9,160,341,https://www.torn.com/profiles.php?XID=1426849,Unknown,Unknown,Unknown,Unknown
Torn Forum Leveling Targets,Targets under 1000 estimated stats,axel987,2234598,6,190,236,https://www.torn.com/profiles.php?XID=2234598,Unknown,Unknown,Unknown,Unknown
Torn Forum Leveling Targets,Targets under 1000 estimated stats,george_ol,2012928,6,190,225,https://www.torn.com/profiles.php?XID=2012928,Unknown,Unknown,Unknown,Unknown
Torn Forum Leveling Targets,Targets under 1000 estimated stats,Kauffman45,2000050,6,200,225,https://www.torn.com/profiles.php?XID=2000050,Unknown,Unknown,Unknown,Unknown
Torn Forum Leveling Targets,Targets under 1000 estimated stats,sLiPkNoTbOy,497977,20,220,918,https://www.torn.com/profiles.php?XID=497977,Unknown,Unknown,Unknown,Unknown
Torn Forum Leveling Targets,Targets under 1000 estimated stats,zzclown,686130,7,230,250,https://www.torn.com/profiles.php?XID=686130,Unknown,Unknown,Unknown,Unknown
Torn Forum Leveling Targets,Targets under 1000 estimated stats,raiz,2419836,6,240,225,https://www.torn.com/profiles.php?XID=2419836,Unknown,Unknown,Unknown,Unknown
Torn Forum Leveling Targets,Targets under 1000 estimated stats,Hardcore_Sweety,840013,13,250,525,https://www.torn.com/profiles.php?XID=840013,Unknown,Unknown,Unknown,Unknown
Torn Forum Leveling Targets,Targets under 1000 estimated stats,beastyboy,309766,7,250,250,https://www.torn.com/profiles.php?XID=309766,Unknown,Unknown,Unknown,Unknown
Torn Forum Leveling Targets,Targets under 1000 estimated stats,Big-Hoss,2103101,11,280,425,https://www.torn.com/profiles.php?XID=2103101,Unknown,Unknown,Unknown,Unknown
Torn Forum Leveling Targets,Targets under 1000 estimated stats,Monica,659243,23,280,1025,https://www.torn.com/profiles.php?XID=659243,Unknown,Unknown,Unknown,Unknown
Torn Forum Leveling Targets,Targets under 1000 estimated stats,Silentstep,1958474,6,290,225,https://www.torn.com/profiles.php?XID=1958474,Unknown,Unknown,Unknown,Unknown
Torn Forum Leveling Targets,Targets under 1000 estimated stats,Maddoxx,2163749,5,300,210,https://www.torn.com/profiles.php?XID=2163749,Unknown,Unknown,Unknown,Unknown
Torn Forum Leveling Targets,Targets under 1000 estimated stats,Comitzu,1977945,7,330,250,https://www.torn.com/profiles.php?XID=1977945,Unknown,Unknown,Unknown,Unknown
Torn Forum Leveling Targets,Targets under 1000 estimated stats,-Horrie-,540590,6,330,225,https://www.torn.com/profiles.php?XID=540590,Unknown,Unknown,Unknown,Unknown
Torn Forum Leveling Targets,Targets under 1000 estimated stats,MariJane,1840852,7,380,250,https://www.torn.com/profiles.php?XID=1840852,Unknown,Unknown,Unknown,Unknown
Torn Forum Leveling Targets,Targets under 1000 estimated stats,supriani,910129,17,390,725,https://www.torn.com/profiles.php?XID=910129,Unknown,Unknown,Unknown,Unknown
Torn Forum Leveling Targets,Targets under 1000 estimated stats,-Lo-,1735394,10,400,375,https://www.torn.com/profiles.php?XID=1735394,Unknown,Unknown,Unknown,Unknown
Torn Forum Leveling Targets,Targets under 1000 estimated stats,Erisir,2420815,8,410,275,https://www.torn.com/profiles.php?XID=2420815,Unknown,Unknown,Unknown,Unknown
Torn Forum Leveling Targets,Targets under 1000 estimated stats,Antmartin55,2388146,10,430,393,https://www.torn.com/profiles.php?XID=2388146,Unknown,Unknown,Unknown,Unknown
Torn Forum Leveling Targets,Targets under 1000 estimated stats,robodirge,2110272,13,480,525,https://www.torn.com/profiles.php?XID=2110272,Unknown,Unknown,Unknown,Unknown
Torn Forum Leveling Targets,Targets under 1000 estimated stats,hussler_00,516870,11,480,425,https://www.torn.com/profiles.php?XID=516870,Unknown,Unknown,Unknown,Unknown
Torn Forum Leveling Targets,Targets under 1000 estimated stats,hottrop1cs,2017588,9,490,357,https://www.torn.com/profiles.php?XID=2017588,Unknown,Unknown,Unknown,Unknown
Torn Forum Leveling Targets,Targets under 1000 estimated stats,dan231,607936,9,490,325,https://www.torn.com/profiles.php?XID=607936,Unknown,Unknown,Unknown,Unknown
Torn Forum Leveling Targets,Targets under 1000 estimated stats,Magmamike,2480194,7,500,275,https://www.torn.com/profiles.php?XID=2480194,Unknown,Unknown,Unknown,Unknown
Torn Forum Leveling Targets,Targets under 1000 estimated stats,SteelGiant55,1877247,10,510,375,https://www.torn.com/profiles.php?XID=1877247,Unknown,Unknown,Unknown,Unknown
Torn Forum Leveling Targets,Targets under 1000 estimated stats,ProsterX,2054981,12,510,498,https://www.torn.com/profiles.php?XID=2054981,Unknown,Unknown,Unknown,Unknown
Torn Forum Leveling Targets,Targets under 1000 estimated stats,Jc0up1,2584491,10,510,375,https://www.torn.com/profiles.php?XID=2584491,Unknown,Unknown,Unknown,Unknown
Torn Forum Leveling Targets,Targets under 1000 estimated stats,Seroth,1959171,11,540,425,https://www.torn.com/profiles.php?XID=1959171,Unknown,Unknown,Unknown,Unknown
Torn Forum Leveling Targets,Targets under 1000 estimated stats,darak,1172316,11,550,425,https://www.torn.com/profiles.php?XID=1172316,Unknown,Unknown,Unknown,Unknown
Torn Forum Leveling Targets,Targets under 1000 estimated stats,HighStandard,1593669,7,550,262,https://www.torn.com/profiles.php?XID=1593669,Unknown,Unknown,Unknown,Unknown
Torn Forum Leveling Targets,Targets under 1000 estimated stats,alex69,308586,16,550,675,https://www.torn.com/profiles.php?XID=308586,Unknown,Unknown,Unknown,Unknown
Torn Forum Leveling Targets,Targets under 1000 estimated stats,killer599,1547570,6,560,225,https://www.torn.com/profiles.php?XID=1547570,Unknown,Unknown,Unknown,Unknown
Torn Forum Leveling Targets,Targets under 1000 estimated stats,croceus,2210297,5,560,200,https://www.torn.com/profiles.php?XID=2210297,Unknown,Unknown,Unknown,Unknown
Torn Forum Leveling Targets,Targets under 1000 estimated stats,-snake-,243187,9,570,325,https://www.torn.com/profiles.php?XID=243187,Unknown,Unknown,Unknown,Unknown
Torn Forum Leveling Targets,Targets under 1000 estimated stats,minnset,1529816,13,570,525,https://www.torn.com/profiles.php?XID=1529816,Unknown,Unknown,Unknown,Unknown
Torn Forum Leveling Targets,Targets under 1000 estimated stats,determanator,894205,24,590,1128,https://www.torn.com/profiles.php?XID=894205,Unknown,Unknown,Unknown,Unknown
Torn Forum Leveling Targets,Targets under 1000 estimated stats,Killer-dude,183461,15,610,625,https://www.torn.com/profiles.php?XID=183461,Unknown,Unknown,Unknown,Unknown
Torn Forum Leveling Targets,Targets under 1000 estimated stats,HELLSANGELS,2174070,7,620,250,https://www.torn.com/profiles.php?XID=2174070,Unknown,Unknown,Unknown,Unknown
Torn Forum Leveling Targets,Targets under 1000 estimated stats,rmf5,1630600,9,620,325,https://www.torn.com/profiles.php?XID=1630600,Unknown,Unknown,Unknown,Unknown
Torn Forum Leveling Targets,Targets under 1000 estimated stats,123peter123,898786,10,630,375,https://www.torn.com/profiles.php?XID=898786,Unknown,Unknown,Unknown,Unknown
Torn Forum Leveling Targets,Targets under 1000 estimated stats,muhdsyahmi,1207369,7,640,250,https://www.torn.com/profiles.php?XID=1207369,Unknown,Unknown,Unknown,Unknown
Torn Forum Leveling Targets,Targets under 1000 estimated stats,Clouddjudgement,2203266,8,640,275,https://www.torn.com/profiles.php?XID=2203266,Unknown,Unknown,Unknown,Unknown
Torn Forum Leveling Targets,Targets under 1000 estimated stats,-kubur-,1038959,5,650,200,https://www.torn.com/profiles.php?XID=1038959,Unknown,Unknown,Unknown,Unknown
Torn Forum Leveling Targets,Targets under 1000 estimated stats,kronikblueslims,1711254,8,650,275,https://www.torn.com/profiles.php?XID=1711254,Unknown,Unknown,Unknown,Unknown
Torn Forum Leveling Targets,Targets under 1000 estimated stats,takeuchi,1299109,17,680,725,https://www.torn.com/profiles.php?XID=1299109,Unknown,Unknown,Unknown,Unknown
Torn Forum Leveling Targets,Targets under 1000 estimated stats,vic-vinegar,2544933,11,690,510,https://www.torn.com/profiles.php?XID=2544933,Unknown,Unknown,Unknown,Unknown
Torn Forum Leveling Targets,Targets under 1000 estimated stats,SirNessyUK,1998669,15,690,625,https://www.torn.com/profiles.php?XID=1998669,Unknown,Unknown,Unknown,Unknown
Torn Forum Leveling Targets,Targets under 1000 estimated stats,spack,315311,11,690,425,https://www.torn.com/profiles.php?XID=315311,Unknown,Unknown,Unknown,Unknown
Torn Forum Leveling Targets,Targets under 1000 estimated stats,wras,756876,21,690,925,https://www.torn.com/profiles.php?XID=756876,Unknown,Unknown,Unknown,Unknown
Torn Forum Leveling Targets,Targets under 1000 estimated stats,BigBoss003,2131929,8,700,275,https://www.torn.com/profiles.php?XID=2131929,Unknown,Unknown,Unknown,Unknown
Torn Forum Leveling Targets,Targets under 1000 estimated stats,im_not_right,2051125,14,710,603,https://www.torn.com/profiles.php?XID=2051125,Unknown,Unknown,Unknown,Unknown
Torn Forum Leveling Targets,Targets under 1000 estimated stats,dirklinus,2163929,12,710,498,https://www.torn.com/profiles.php?XID=2163929,Unknown,Unknown,Unknown,Unknown
Torn Forum Leveling Targets,Targets under 1000 estimated stats,Ihmissusi,2178469,10,720,375,https://www.torn.com/profiles.php?XID=2178469,Unknown,Unknown,Unknown,Unknown
Torn Forum Leveling Targets,Targets under 1000 estimated stats,JACKARDA,1553834,5,720,200,https://www.torn.com/profiles.php?XID=1553834,Unknown,Unknown,Unknown,Unknown
Torn Forum Leveling Targets,Targets under 1000 estimated stats,Swordplay,2057980,10,760,431,https://www.torn.com/profiles.php?XID=2057980,Unknown,Unknown,Unknown,Unknown
Torn Forum Leveling Targets,Targets under 1000 estimated stats,--Rangers-1--,338506,8,760,275,https://www.torn.com/profiles.php?XID=338506,Unknown,Unknown,Unknown,Unknown
Torn Forum Leveling Targets,Targets under 1000 estimated stats,DrScience,2260745,6,780,236,https://www.torn.com/profiles.php?XID=2260745,Unknown,Unknown,Unknown,Unknown
Torn Forum Leveling Targets,Targets under 1000 estimated stats,rizwan123,1010931,11,780,425,https://www.torn.com/profiles.php?XID=1010931,Unknown,Unknown,Unknown,Unknown
Torn Forum Leveling Targets,Targets under 1000 estimated stats,gandu514,1510988,12,810,475,https://www.torn.com/profiles.php?XID=1510988,Unknown,Unknown,Unknown,Unknown
Torn Forum Leveling Targets,Targets under 1000 estimated stats,ARK_ANGEL53,1006204,12,830,475,https://www.torn.com/profiles.php?XID=1006204,Unknown,Unknown,Unknown,Unknown
Torn Forum Leveling Targets,Targets under 1000 estimated stats,Foebia,1757698,15,830,656,https://www.torn.com/profiles.php?XID=1757698,Unknown,Unknown,Unknown,Unknown
Torn Forum Leveling Targets,Targets under 1000 estimated stats,Swirmy_worm,2186730,7,860,262,https://www.torn.com/profiles.php?XID=2186730,Unknown,Unknown,Unknown,Unknown
Torn Forum Leveling Targets,Targets under 1000 estimated stats,Xasy,2097823,9,870,325,https://www.torn.com/profiles.php?XID=2097823,Unknown,Unknown,Unknown,Unknown
Torn Forum Leveling Targets,Targets under 1000 estimated stats,Loyawhat,2276768,9,890,325,https://www.torn.com/profiles.php?XID=2276768,Unknown,Unknown,Unknown,Unknown
Torn Forum Leveling Targets,Targets under 1000 estimated stats,WickedMickey,2148816,10,890,412,https://www.torn.com/profiles.php?XID=2148816,Unknown,Unknown,Unknown,Unknown
Torn Forum Leveling Targets,Targets under 1000 estimated stats,-Damaged-,501730,15,900,625,https://www.torn.com/profiles.php?XID=501730,Unknown,Unknown,Unknown,Unknown
Torn Forum Leveling Targets,Targets under 1000 estimated stats,-Heather,1722363,5,930,200,https://www.torn.com/profiles.php?XID=1722363,Unknown,Unknown,Unknown,Unknown
Torn Forum Leveling Targets,Targets under 1000 estimated stats,-D-K-,1323114,5,950,200,https://www.torn.com/profiles.php?XID=1323114,Unknown,Unknown,Unknown,Unknown
Torn Forum Leveling Targets,Targets under 1000 estimated stats,hbcg123,1543961,10,960,412,https://www.torn.com/profiles.php?XID=1543961,Unknown,Unknown,Unknown,Unknown
Torn Forum Leveling Targets,Targets under 1000 estimated stats,AidStar1993,1946887,16,980,708,https://www.torn.com/profiles.php?XID=1946887,Unknown,Unknown,Unknown,Unknown
Torn Forum Leveling Targets,Targets 1000-10000 estimated stats,rahuldugu,1628312,13,1000,551,https://www.torn.com/profiles.php?XID=1628312,Unknown,Unknown,Unknown,Unknown
Torn Forum Leveling Targets,Targets 1000-10000 estimated stats,carmz,1586482,12,1000,475,https://www.torn.com/profiles.php?XID=1586482,Unknown,Unknown,Unknown,Unknown
Torn Forum Leveling Targets,Targets 1000-10000 estimated stats,Ixqt,2300818,10,1000,375,https://www.torn.com/profiles.php?XID=2300818,Unknown,Unknown,Unknown,Unknown
Torn Forum Leveling Targets,Targets 1000-10000 estimated stats,daddy-o,583140,11,1000,425,https://www.torn.com/profiles.php?XID=583140,Unknown,Unknown,Unknown,Unknown
Torn Forum Leveling Targets,Targets 1000-10000 estimated stats,EusonDu,2059630,10,1000,375,https://www.torn.com/profiles.php?XID=2059630,Unknown,Unknown,Unknown,Unknown
Torn Forum Leveling Targets,Targets 1000-10000 estimated stats,mycurrency,1816798,9,1000,325,https://www.torn.com/profiles.php?XID=1816798,Unknown,Unknown,Unknown,Unknown
Torn Forum Leveling Targets,Targets 1000-10000 estimated stats,Kilo-teach,2072413,13,1000,525,https://www.torn.com/profiles.php?XID=2072413,Unknown,Unknown,Unknown,Unknown
Torn Forum Leveling Targets,Targets 1000-10000 estimated stats,SHARK-X,1329589,13,1000,551,https://www.torn.com/profiles.php?XID=1329589,Unknown,Unknown,Unknown,Unknown
Torn Forum Leveling Targets,Targets 1000-10000 estimated stats,samcrafter,1872877,14,1000,603,https://www.torn.com/profiles.php?XID=1872877,Unknown,Unknown,Unknown,Unknown
Torn Forum Leveling Targets,Targets 1000-10000 estimated stats,02kinga,519108,10,1000,375,https://www.torn.com/profiles.php?XID=519108,Unknown,Unknown,Unknown,Unknown
Torn Forum Leveling Targets,Targets 1000-10000 estimated stats,dirtyghettoboi,625497,12,1000,475,https://www.torn.com/profiles.php?XID=625497,Unknown,Unknown,Unknown,Unknown
Torn Forum Leveling Targets,Targets 1000-10000 estimated stats,Spongebobscuzin,1521739,21,1020,925,https://www.torn.com/profiles.php?XID=1521739,Unknown,Unknown,Unknown,Unknown
Torn Forum Leveling Targets,Targets 1000-10000 estimated stats,ameliy,1838203,10,1030,375,https://www.torn.com/profiles.php?XID=1838203,Unknown,Unknown,Unknown,Unknown
Torn Forum Leveling Targets,Targets 1000-10000 estimated stats,BooSt,48592,16,1080,675,https://www.torn.com/profiles.php?XID=48592,Unknown,Unknown,Unknown,Unknown
Torn Forum Leveling Targets,Targets 1000-10000 estimated stats,harry9876,1118454,16,1260,675,https://www.torn.com/profiles.php?XID=1118454,Unknown,Unknown,Unknown,Unknown
Torn Forum Leveling Targets,Targets 1000-10000 estimated stats,songorobert,67008,10,1500,375,https://www.torn.com/profiles.php?XID=67008,Unknown,Unknown,Unknown,Unknown
Torn Forum Leveling Targets,Targets 1000-10000 estimated stats,immigrant-tom,949530,7,1530,250,https://www.torn.com/profiles.php?XID=949530,Unknown,Unknown,Unknown,Unknown
Torn Forum Leveling Targets,Targets 1000-10000 estimated stats,Shadow7,2020613,11,1540,467,https://www.torn.com/profiles.php?XID=2020613,Unknown,Unknown,Unknown,Unknown
Torn Forum Leveling Targets,Targets 1000-10000 estimated stats,thepoo,859818,22,1560,975,https://www.torn.com/profiles.php?XID=859818,Unknown,Unknown,Unknown,Unknown
Torn Forum Leveling Targets,Targets 1000-10000 estimated stats,SatansWaffles88,2438098,12,1620,498,https://www.torn.com/profiles.php?XID=2438098,Unknown,Unknown,Unknown,Unknown
Torn Forum Leveling Targets,Targets 1000-10000 estimated stats,LiLinsomniak,2210072,9,1760,325,https://www.torn.com/profiles.php?XID=2210072,Unknown,Unknown,Unknown,Unknown
Torn Forum Leveling Targets,Targets 1000-10000 estimated stats,ChrisMadeMeDoIt,64438,17,1930,725,https://www.torn.com/profiles.php?XID=64438,Unknown,Unknown,Unknown,Unknown
Torn Forum Leveling Targets,Targets 1000-10000 estimated stats,xclarkyII,1746183,10,2000,375,https://www.torn.com/profiles.php?XID=1746183,Unknown,Unknown,Unknown,Unknown
Torn Forum Leveling Targets,Targets 1000-10000 estimated stats,-harvey-,785916,19,2000,825,https://www.torn.com/profiles.php?XID=785916,Unknown,Unknown,Unknown,Unknown
Torn Forum Leveling Targets,Targets 1000-10000 estimated stats,Daddy_Freshnugz,1546057,14,2000,575,https://www.torn.com/profiles.php?XID=1546057,Unknown,Unknown,Unknown,Unknown
Torn Forum Leveling Targets,Targets 1000-10000 estimated stats,Rhokdar,2509819,10,2000,375,https://www.torn.com/profiles.php?XID=2509819,Unknown,Unknown,Unknown,Unknown
Torn Forum Leveling Targets,Targets 1000-10000 estimated stats,-Ms-Money,1671783,10,2120,375,https://www.torn.com/profiles.php?XID=1671783,Unknown,Unknown,Unknown,Unknown
Torn Forum Leveling Targets,Targets 1000-10000 estimated stats,tedkaduce,1862602,12,2180,475,https://www.torn.com/profiles.php?XID=1862602,Unknown,Unknown,Unknown,Unknown
Torn Forum Leveling Targets,Targets 1000-10000 estimated stats,ajc79813,1297161,18,2250,775,https://www.torn.com/profiles.php?XID=1297161,Unknown,Unknown,Unknown,Unknown
Torn Forum Leveling Targets,Targets 1000-10000 estimated stats,dean33,355839,15,2610,625,https://www.torn.com/profiles.php?XID=355839,Unknown,Unknown,Unknown,Unknown
Torn Forum Leveling Targets,Targets 1000-10000 estimated stats,hypermegmeg,368042,27,2690,1225,https://www.torn.com/profiles.php?XID=368042,Unknown,Unknown,Unknown,Unknown
Torn Forum Leveling Targets,Targets 1000-10000 estimated stats,grandxoon,1073279,14,2700,603,https://www.torn.com/profiles.php?XID=1073279,Unknown,Unknown,Unknown,Unknown
Torn Forum Leveling Targets,Targets 1000-10000 estimated stats,ThaUncleJoe,1768665,12,2800,475,https://www.torn.com/profiles.php?XID=1768665,Unknown,Unknown,Unknown,Unknown
Torn Forum Leveling Targets,Targets 1000-10000 estimated stats,GypsyW13,2153320,11,2810,510,https://www.torn.com/profiles.php?XID=2153320,Unknown,Unknown,Unknown,Unknown
Torn Forum Leveling Targets,Targets 1000-10000 estimated stats,Charles_Rogers,1583793,11,2830,425,https://www.torn.com/profiles.php?XID=1583793,Unknown,Unknown,Unknown,Unknown
Torn Forum Leveling Targets,Targets 1000-10000 estimated stats,terbex,1784033,11,2860,425,https://www.torn.com/profiles.php?XID=1784033,Unknown,Unknown,Unknown,Unknown
Torn Forum Leveling Targets,Targets 1000-10000 estimated stats,KiNg20,954335,10,2990,375,https://www.torn.com/profiles.php?XID=954335,Unknown,Unknown,Unknown,Unknown
Torn Forum Leveling Targets,Targets 1000-10000 estimated stats,Killa6497,248664,12,3000,475,https://www.torn.com/profiles.php?XID=248664,Unknown,Unknown,Unknown,Unknown
Torn Forum Leveling Targets,Targets 1000-10000 estimated stats,ghettolad,247192,23,3000,1025,https://www.torn.com/profiles.php?XID=247192,Unknown,Unknown,Unknown,Unknown
Torn Forum Leveling Targets,Targets 1000-10000 estimated stats,sexybitch987,423483,22,3000,1072,https://www.torn.com/profiles.php?XID=423483,Unknown,Unknown,Unknown,Unknown
Torn Forum Leveling Targets,Targets 1000-10000 estimated stats,Molleexoxo,1727112,11,3030,467,https://www.torn.com/profiles.php?XID=1727112,Unknown,Unknown,Unknown,Unknown
Torn Forum Leveling Targets,Targets 1000-10000 estimated stats,aungaunghtun,1695668,10,3150,375,https://www.torn.com/profiles.php?XID=1695668,Unknown,Unknown,Unknown,Unknown
Torn Forum Leveling Targets,Targets 1000-10000 estimated stats,Relyks_Doog,2460665,22,3260,975,https://www.torn.com/profiles.php?XID=2460665,Unknown,Unknown,Unknown,Unknown
Torn Forum Leveling Targets,Targets 1000-10000 estimated stats,gurugeorge,357085,12,3290,475,https://www.torn.com/profiles.php?XID=357085,Unknown,Unknown,Unknown,Unknown
Torn Forum Leveling Targets,Targets 1000-10000 estimated stats,SheepdogX,2209852,13,3400,577,https://www.torn.com/profiles.php?XID=2209852,Unknown,Unknown,Unknown,Unknown
Torn Forum Leveling Targets,Targets 1000-10000 estimated stats,Ringworm,1670419,5,3450,200,https://www.torn.com/profiles.php?XID=1670419,Unknown,Unknown,Unknown,Unknown
Torn Forum Leveling Targets,Targets 1000-10000 estimated stats,trukia,1667744,16,3530,742,https://www.torn.com/profiles.php?XID=1667744,Unknown,Unknown,Unknown,Unknown
Torn Forum Leveling Targets,Targets 1000-10000 estimated stats,Kasume,1423243,22,3570,1023,https://www.torn.com/profiles.php?XID=1423243,Unknown,Unknown,Unknown,Unknown
Torn Forum Leveling Targets,Targets 1000-10000 estimated stats,slaterfan123,493735,15,3800,625,https://www.torn.com/profiles.php?XID=493735,Unknown,Unknown,Unknown,Unknown
Torn Forum Leveling Targets,Targets 1000-10000 estimated stats,DamonDolittle,559654,23,4000,1127,https://www.torn.com/profiles.php?XID=559654,Unknown,Unknown,Unknown,Unknown
Torn Forum Leveling Targets,Targets 1000-10000 estimated stats,tOku_1,372349,23,4000,1076,https://www.torn.com/profiles.php?XID=372349,Unknown,Unknown,Unknown,Unknown
Torn Forum Leveling Targets,Targets 1000-10000 estimated stats,Kirsikka,1959188,11,4020,425,https://www.torn.com/profiles.php?XID=1959188,Unknown,Unknown,Unknown,Unknown
Torn Forum Leveling Targets,Targets 1000-10000 estimated stats,Satoeng,376733,11,4040,425,https://www.torn.com/profiles.php?XID=376733,Unknown,Unknown,Unknown,Unknown
Torn Forum Leveling Targets,Targets 1000-10000 estimated stats,goeringz,1731652,13,4140,577,https://www.torn.com/profiles.php?XID=1731652,Unknown,Unknown,Unknown,Unknown
Torn Forum Leveling Targets,Targets 1000-10000 estimated stats,Anubispt,1559455,16,4290,877,https://www.torn.com/profiles.php?XID=1559455,Unknown,Unknown,Unknown,Unknown
Torn Forum Leveling Targets,Targets 1000-10000 estimated stats,Sipio666,1873086,16,4370,675,https://www.torn.com/profiles.php?XID=1873086,Unknown,Unknown,Unknown,Unknown
Torn Forum Leveling Targets,Targets 1000-10000 estimated stats,GypsyGodess,2151979,16,4650,742,https://www.torn.com/profiles.php?XID=2151979,Unknown,Unknown,Unknown,Unknown
Torn Forum Leveling Targets,Targets 1000-10000 estimated stats,grafixswed,1198138,23,4730,1025,https://www.torn.com/profiles.php?XID=1198138,Unknown,Unknown,Unknown,Unknown
Torn Forum Leveling Targets,Targets 1000-10000 estimated stats,ShaoPingPing,1692104,14,4950,575,https://www.torn.com/profiles.php?XID=1692104,Unknown,Unknown,Unknown,Unknown
Torn Forum Leveling Targets,Targets 1000-10000 estimated stats,FireFighter194,28,20,5000,875,https://www.torn.com/profiles.php?XID=28,Unknown,Unknown,Unknown,Unknown
Torn Forum Leveling Targets,Targets 1000-10000 estimated stats,NMPhotoGuy,2122540,18,5010,775,https://www.torn.com/profiles.php?XID=2122540,Unknown,Unknown,Unknown,Unknown
Torn Forum Leveling Targets,Targets 1000-10000 estimated stats,Anaksunamun,444441,17,5020,725,https://www.torn.com/profiles.php?XID=444441,Unknown,Unknown,Unknown,Unknown
Torn Forum Leveling Targets,Targets 1000-10000 estimated stats,-The_Assassin-,970577,24,5090,1075,https://www.torn.com/profiles.php?XID=970577,Unknown,Unknown,Unknown,Unknown
Torn Forum Leveling Targets,Targets 1000-10000 estimated stats,ToddHoward,2161354,17,5310,725,https://www.torn.com/profiles.php?XID=2161354,Unknown,Unknown,Unknown,Unknown
Torn Forum Leveling Targets,Targets 1000-10000 estimated stats,A_Real_Pink_Pie,680206,12,6000,475,https://www.torn.com/profiles.php?XID=680206,Unknown,Unknown,Unknown,Unknown
Torn Forum Leveling Targets,Targets 1000-10000 estimated stats,CrazyMarcus,2360158,15,6190,625,https://www.torn.com/profiles.php?XID=2360158,Unknown,Unknown,Unknown,Unknown
Torn Forum Leveling Targets,Targets 1000-10000 estimated stats,Mischa,242359,17,6520,725,https://www.torn.com/profiles.php?XID=242359,Unknown,Unknown,Unknown,Unknown
Torn Forum Leveling Targets,Targets 1000-10000 estimated stats,pinkbutterfly,351064,13,6540,525,https://www.torn.com/profiles.php?XID=351064,Unknown,Unknown,Unknown,Unknown
Torn Forum Leveling Targets,Targets 1000-10000 estimated stats,gigatare,143556,18,6830,775,https://www.torn.com/profiles.php?XID=143556,Unknown,Unknown,Unknown,Unknown
Torn Forum Leveling Targets,Targets 1000-10000 estimated stats,Becca1505,676255,27,7000,1347,https://www.torn.com/profiles.php?XID=676255,Unknown,Unknown,Unknown,Unknown
Torn Forum Leveling Targets,Targets 1000-10000 estimated stats,Immense,590306,19,7040,825,https://www.torn.com/profiles.php?XID=590306,Unknown,Unknown,Unknown,Unknown
Torn Forum Leveling Targets,Targets 1000-10000 estimated stats,TinyTony,131423,22,7110,1316,https://www.torn.com/profiles.php?XID=131423,Unknown,Unknown,Unknown,Unknown
Torn Forum Leveling Targets,Targets 1000-10000 estimated stats,Faramir,619415,18,7200,775,https://www.torn.com/profiles.php?XID=619415,Unknown,Unknown,Unknown,Unknown
Torn Forum Leveling Targets,Targets 1000-10000 estimated stats,santosa,1693359,12,7360,475,https://www.torn.com/profiles.php?XID=1693359,Unknown,Unknown,Unknown,Unknown
Torn Forum Leveling Targets,Targets 1000-10000 estimated stats,Saorsa,29031,15,7600,625,https://www.torn.com/profiles.php?XID=29031,Unknown,Unknown,Unknown,Unknown
Torn Forum Leveling Targets,Targets 1000-10000 estimated stats,MegaLolz,265855,18,7670,775,https://www.torn.com/profiles.php?XID=265855,Unknown,Unknown,Unknown,Unknown
Torn Forum Leveling Targets,Targets 1000-10000 estimated stats,Mitsai,1324020,17,7990,833,https://www.torn.com/profiles.php?XID=1324020,Unknown,Unknown,Unknown,Unknown
Torn Forum Leveling Targets,Targets 1000-10000 estimated stats,RetriNemesis,1495297,20,8110,875,https://www.torn.com/profiles.php?XID=1495297,Unknown,Unknown,Unknown,Unknown
Torn Forum Leveling Targets,Targets 1000-10000 estimated stats,ladyhunter,2003142,20,8510,918,https://www.torn.com/profiles.php?XID=2003142,Unknown,Unknown,Unknown,Unknown
Torn Forum Leveling Targets,Targets 1000-10000 estimated stats,Dismortis42,2051822,11,8630,446,https://www.torn.com/profiles.php?XID=2051822,Unknown,Unknown,Unknown,Unknown
Torn Forum Leveling Targets,Targets 1000-10000 estimated stats,mammasumba,2022772,16,8690,675,https://www.torn.com/profiles.php?XID=2022772,Unknown,Unknown,Unknown,Unknown
Torn Forum Leveling Targets,Targets 1000-10000 estimated stats,DestinyFreedom,1148255,18,8950,775,https://www.torn.com/profiles.php?XID=1148255,Unknown,Unknown,Unknown,Unknown
Torn Forum Leveling Targets,Targets 1000-10000 estimated stats,afortunado7,1109163,23,9000,1025,https://www.torn.com/profiles.php?XID=1109163,Unknown,Unknown,Unknown,Unknown
Torn Forum Leveling Targets,Targets 1000-10000 estimated stats,Infamous-Pwner,229978,20,9000,875,https://www.torn.com/profiles.php?XID=229978,Unknown,Unknown,Unknown,Unknown
Torn Forum Leveling Targets,Targets 1000-10000 estimated stats,XIythe,2200856,23,9040,1230,https://www.torn.com/profiles.php?XID=2200856,Unknown,Unknown,Unknown,Unknown
Torn Forum Leveling Targets,Targets 1000-10000 estimated stats,Sniper_Neese,2084715,16,9230,675,https://www.torn.com/profiles.php?XID=2084715,Unknown,Unknown,Unknown,Unknown
Torn Forum Leveling Targets,Targets 1000-10000 estimated stats,Frozenrobot,2014781,16,9480,675,https://www.torn.com/profiles.php?XID=2014781,Unknown,Unknown,Unknown,Unknown
Torn Forum Leveling Targets,Targets 10k-100k estimated stats,Lathaw,2016927,14,10210,575,https://www.torn.com/profiles.php?XID=2016927,Unknown,Unknown,Unknown,Unknown
Torn Forum Leveling Targets,Targets 10k-100k estimated stats,Blakkout,1000042,15,10290,625,https://www.torn.com/profiles.php?XID=1000042,Unknown,Unknown,Unknown,Unknown
Torn Forum Leveling Targets,Targets 10k-100k estimated stats,Li4m79,2163693,18,10330,775,https://www.torn.com/profiles.php?XID=2163693,Unknown,Unknown,Unknown,Unknown
Torn Forum Leveling Targets,Targets 10k-100k estimated stats,toonarmy253,27275,20,11000,875,https://www.torn.com/profiles.php?XID=27275,Unknown,Unknown,Unknown,Unknown
Torn Forum Leveling Targets,Targets 10k-100k estimated stats,Nihil,23072,18,11300,775,https://www.torn.com/profiles.php?XID=23072,Unknown,Unknown,Unknown,Unknown
Torn Forum Leveling Targets,Targets 10k-100k estimated stats,princessa55,1284030,21,11400,971,https://www.torn.com/profiles.php?XID=1284030,Unknown,Unknown,Unknown,Unknown
Torn Forum Leveling Targets,Targets 10k-100k estimated stats,Ryoko,24817,18,11700,775,https://www.torn.com/profiles.php?XID=24817,Unknown,Unknown,Unknown,Unknown
Torn Forum Leveling Targets,Targets 10k-100k estimated stats,legendarykillrH,1555891,18,12300,852,https://www.torn.com/profiles.php?XID=1555891,Unknown,Unknown,Unknown,Unknown
Torn Forum Leveling Targets,Targets 10k-100k estimated stats,KevinDontWave,1871017,17,12600,797,https://www.torn.com/profiles.php?XID=1871017,Unknown,Unknown,Unknown,Unknown
Torn Forum Leveling Targets,Targets 10k-100k estimated stats,Dr_Banana,2585901,17,12900,725,https://www.torn.com/profiles.php?XID=2585901,Unknown,Unknown,Unknown,Unknown
Torn Forum Leveling Targets,Targets 10k-100k estimated stats,twister63,272760,25,12900,1181,https://www.torn.com/profiles.php?XID=272760,Unknown,Unknown,Unknown,Unknown
Torn Forum Leveling Targets,Targets 10k-100k estimated stats,_Keyon_,551729,16,14200,675,https://www.torn.com/profiles.php?XID=551729,Unknown,Unknown,Unknown,Unknown
Torn Forum Leveling Targets,Targets 10k-100k estimated stats,Originalspinny,1968789,21,16200,925,https://www.torn.com/profiles.php?XID=1968789,Unknown,Unknown,Unknown,Unknown
Torn Forum Leveling Targets,Targets 10k-100k estimated stats,R0cknR0lla,2047644,25,16700,1181,https://www.torn.com/profiles.php?XID=2047644,Unknown,Unknown,Unknown,Unknown
Torn Forum Leveling Targets,Targets 10k-100k estimated stats,Fanciful,386829,23,16900,1025,https://www.torn.com/profiles.php?XID=386829,Unknown,Unknown,Unknown,Unknown
Torn Forum Leveling Targets,Targets 10k-100k estimated stats,amy_gray,219054,25,17000,1125,https://www.torn.com/profiles.php?XID=219054,Unknown,Unknown,Unknown,Unknown
Torn Forum Leveling Targets,Targets 10k-100k estimated stats,Massano,201365,19,17500,825,https://www.torn.com/profiles.php?XID=201365,Unknown,Unknown,Unknown,Unknown
Torn Forum Leveling Targets,Targets 10k-100k estimated stats,zzz123,8329,22,17600,975,https://www.torn.com/profiles.php?XID=8329,Unknown,Unknown,Unknown,Unknown
Torn Forum Leveling Targets,Targets 10k-100k estimated stats,Baby_Yoda,2473534,18,18300,775,https://www.torn.com/profiles.php?XID=2473534,Unknown,Unknown,Unknown,Unknown
Torn Forum Leveling Targets,Targets 10k-100k estimated stats,Falkek,2108205,17,18700,725,https://www.torn.com/profiles.php?XID=2108205,Unknown,Unknown,Unknown,Unknown
Torn Forum Leveling Targets,Targets 10k-100k estimated stats,chapman317,527437,25,19000,1181,https://www.torn.com/profiles.php?XID=527437,Unknown,Unknown,Unknown,Unknown
Torn Forum Leveling Targets,Targets 10k-100k estimated stats,Taken007,2070072,22,19200,975,https://www.torn.com/profiles.php?XID=2070072,Unknown,Unknown,Unknown,Unknown
Torn Forum Leveling Targets,Targets 10k-100k estimated stats,anka1,2204514,23,19700,1127,https://www.torn.com/profiles.php?XID=2204514,Unknown,Unknown,Unknown,Unknown
Torn Forum Leveling Targets,Targets 10k-100k estimated stats,ulithian,1807242,18,20000,775,https://www.torn.com/profiles.php?XID=1807242,Unknown,Unknown,Unknown,Unknown
Torn Forum Leveling Targets,Targets 10k-100k estimated stats,__lolipop_,1681095,17,20000,725,https://www.torn.com/profiles.php?XID=1681095,Unknown,Unknown,Unknown,Unknown
Torn Forum Leveling Targets,Targets 10k-100k estimated stats,ProtoKiller,1276868,23,20000,1127,https://www.torn.com/profiles.php?XID=1276868,Unknown,Unknown,Unknown,Unknown
Torn Forum Leveling Targets,Targets 10k-100k estimated stats,Sublime2006,41523,22,20400,975,https://www.torn.com/profiles.php?XID=41523,Unknown,Unknown,Unknown,Unknown
Torn Forum Leveling Targets,Targets 10k-100k estimated stats,Claude_Provenza,1411140,16,20400,675,https://www.torn.com/profiles.php?XID=1411140,Unknown,Unknown,Unknown,Unknown
Torn Forum Leveling Targets,Targets 10k-100k estimated stats,Banana_Lady,433109,20,20500,875,https://www.torn.com/profiles.php?XID=433109,Unknown,Unknown,Unknown,Unknown
Torn Forum Leveling Targets,Targets 10k-100k estimated stats,XI-Am-LeGeNdDX,566962,23,20800,1076,https://www.torn.com/profiles.php?XID=566962,Unknown,Unknown,Unknown,Unknown
Torn Forum Leveling Targets,Targets 10k-100k estimated stats,rejey8,1545493,21,21200,925,https://www.torn.com/profiles.php?XID=1545493,Unknown,Unknown,Unknown,Unknown
Torn Forum Leveling Targets,Targets 10k-100k estimated stats,-iNnoCenTx,979263,25,22100,1125,https://www.torn.com/profiles.php?XID=979263,Unknown,Unknown,Unknown,Unknown
Torn Forum Leveling Targets,Targets 10k-100k estimated stats,Pilagrim1,1794475,18,22300,813,https://www.torn.com/profiles.php?XID=1794475,Unknown,Unknown,Unknown,Unknown
Torn Forum Leveling Targets,Targets 10k-100k estimated stats,Tideas,1981537,20,22600,875,https://www.torn.com/profiles.php?XID=1981537,Unknown,Unknown,Unknown,Unknown
Torn Forum Leveling Targets,Targets 10k-100k estimated stats,TFTR-Kelly-,227854,20,23300,875,https://www.torn.com/profiles.php?XID=227854,Unknown,Unknown,Unknown,Unknown
Torn Forum Leveling Targets,Targets 10k-100k estimated stats,opcouger,672351,27,23300,1225,https://www.torn.com/profiles.php?XID=672351,Unknown,Unknown,Unknown,Unknown
Torn Forum Leveling Targets,Targets 10k-100k estimated stats,-TTD-blackholex,1192931,24,23500,1128,https://www.torn.com/profiles.php?XID=1192931,Unknown,Unknown,Unknown,Unknown
Torn Forum Leveling Targets,Targets 10k-100k estimated stats,Gizmo2212,1761171,15,23800,687,https://www.torn.com/profiles.php?XID=1761171,Unknown,Unknown,Unknown,Unknown
Torn Forum Leveling Targets,Targets 10k-100k estimated stats,-JessicA,15262,19,23800,825,https://www.torn.com/profiles.php?XID=15262,Unknown,Unknown,Unknown,Unknown
Torn Forum Leveling Targets,Targets 10k-100k estimated stats,wataruogasawara,1697229,11,24000,425,https://www.torn.com/profiles.php?XID=1697229,Unknown,Unknown,Unknown,Unknown
Torn Forum Leveling Targets,Targets 10k-100k estimated stats,JOB420,630582,24,24100,1075,https://www.torn.com/profiles.php?XID=630582,Unknown,Unknown,Unknown,Unknown
Torn Forum Leveling Targets,Targets 10k-100k estimated stats,PIMPJUICE,8912,26,24500,1175,https://www.torn.com/profiles.php?XID=8912,Unknown,Unknown,Unknown,Unknown
Torn Forum Leveling Targets,Targets 10k-100k estimated stats,Tomalak,2094585,30,25100,1650,https://www.torn.com/profiles.php?XID=2094585,Unknown,Unknown,Unknown,Unknown
Torn Forum Leveling Targets,Targets 10k-100k estimated stats,sharpfang,474544,20,25700,875,https://www.torn.com/profiles.php?XID=474544,Unknown,Unknown,Unknown,Unknown
Torn Forum Leveling Targets,Targets 10k-100k estimated stats,Suko,2450835,15,25800,625,https://www.torn.com/profiles.php?XID=2450835,Unknown,Unknown,Unknown,Unknown
Torn Forum Leveling Targets,Targets 10k-100k estimated stats,__ika__,1502708,18,26000,775,https://www.torn.com/profiles.php?XID=1502708,Unknown,Unknown,Unknown,Unknown
Torn Forum Leveling Targets,Targets 10k-100k estimated stats,UnguardedAce,2273237,17,26600,725,https://www.torn.com/profiles.php?XID=2273237,Unknown,Unknown,Unknown,Unknown
Torn Forum Leveling Targets,Targets 10k-100k estimated stats,Ahika,262546,28,27200,1593,https://www.torn.com/profiles.php?XID=262546,Unknown,Unknown,Unknown,Unknown
Torn Forum Leveling Targets,Targets 10k-100k estimated stats,kumang,559133,26,27500,1175,https://www.torn.com/profiles.php?XID=559133,Unknown,Unknown,Unknown,Unknown
Torn Forum Leveling Targets,Targets 10k-100k estimated stats,Ripply,196000,31,30000,1425,https://www.torn.com/profiles.php?XID=196000,Unknown,Unknown,Unknown,Unknown
Torn Forum Leveling Targets,Targets 10k-100k estimated stats,zombilekkoo,1722894,23,31000,1025,https://www.torn.com/profiles.php?XID=1722894,Unknown,Unknown,Unknown,Unknown
Torn Forum Leveling Targets,Targets 10k-100k estimated stats,Viprus,856900,20,31000,875,https://www.torn.com/profiles.php?XID=856900,Unknown,Unknown,Unknown,Unknown
Torn Forum Leveling Targets,Targets 10k-100k estimated stats,Cortisan,72616,24,31000,1075,https://www.torn.com/profiles.php?XID=72616,Unknown,Unknown,Unknown,Unknown
Torn Forum Leveling Targets,Targets 10k-100k estimated stats,ky0ya_hIbarI,1404388,26,32000,1175,https://www.torn.com/profiles.php?XID=1404388,Unknown,Unknown,Unknown,Unknown
Torn Forum Leveling Targets,Targets 10k-100k estimated stats,Kneazi,1429963,28,32000,1338,https://www.torn.com/profiles.php?XID=1429963,Unknown,Unknown,Unknown,Unknown
Torn Forum Leveling Targets,Targets 10k-100k estimated stats,GuyReeb23,1568826,30,33000,1375,https://www.torn.com/profiles.php?XID=1568826,Unknown,Unknown,Unknown,Unknown
Torn Forum Leveling Targets,Targets 10k-100k estimated stats,Amoeba33,1750733,21,34000,971,https://www.torn.com/profiles.php?XID=1750733,Unknown,Unknown,Unknown,Unknown
Torn Forum Leveling Targets,Targets 10k-100k estimated stats,ASchwarzenegger,678166,28,34000,1402,https://www.torn.com/profiles.php?XID=678166,Unknown,Unknown,Unknown,Unknown
Torn Forum Leveling Targets,Targets 10k-100k estimated stats,Shera,472957,33,36000,1525,https://www.torn.com/profiles.php?XID=472957,Unknown,Unknown,Unknown,Unknown
Torn Forum Leveling Targets,Targets 10k-100k estimated stats,MarIboro,947563,19,36000,825,https://www.torn.com/profiles.php?XID=947563,Unknown,Unknown,Unknown,Unknown
Torn Forum Leveling Targets,Targets 10k-100k estimated stats,Fashionable,1466568,15,37000,625,https://www.torn.com/profiles.php?XID=1466568,Unknown,Unknown,Unknown,Unknown
Torn Forum Leveling Targets,Targets 10k-100k estimated stats,RieZMY,1511787,21,37000,925,https://www.torn.com/profiles.php?XID=1511787,Unknown,Unknown,Unknown,Unknown
Torn Forum Leveling Targets,Targets 10k-100k estimated stats,EmoKitten192,526221,25,39000,1406,https://www.torn.com/profiles.php?XID=526221,Unknown,Unknown,Unknown,Unknown
Torn Forum Leveling Targets,Targets 10k-100k estimated stats,rowej,1383966,27,40000,1225,https://www.torn.com/profiles.php?XID=1383966,Unknown,Unknown,Unknown,Unknown
Torn Forum Leveling Targets,Targets 10k-100k estimated stats,Skyfire,490329,23,43000,1025,https://www.torn.com/profiles.php?XID=490329,Unknown,Unknown,Unknown,Unknown
Torn Forum Leveling Targets,Targets 10k-100k estimated stats,LEP-Recon,440912,23,43000,1025,https://www.torn.com/profiles.php?XID=440912,Unknown,Unknown,Unknown,Unknown
Torn Forum Leveling Targets,Targets 10k-100k estimated stats,Weavr,21507,25,45000,1125,https://www.torn.com/profiles.php?XID=21507,Unknown,Unknown,Unknown,Unknown
Torn Forum Leveling Targets,Targets 10k-100k estimated stats,princessroyal,454605,22,45000,975,https://www.torn.com/profiles.php?XID=454605,Unknown,Unknown,Unknown,Unknown
Torn Forum Leveling Targets,Targets 10k-100k estimated stats,DeltaForce2,27342,24,45000,1075,https://www.torn.com/profiles.php?XID=27342,Unknown,Unknown,Unknown,Unknown
Torn Forum Leveling Targets,Targets 10k-100k estimated stats,Sexy_Biatch,54970,35,47000,1625,https://www.torn.com/profiles.php?XID=54970,Unknown,Unknown,Unknown,Unknown
Torn Forum Leveling Targets,Targets 10k-100k estimated stats,-Redemption-,700478,26,48000,1175,https://www.torn.com/profiles.php?XID=700478,Unknown,Unknown,Unknown,Unknown
Torn Forum Leveling Targets,Targets 10k-100k estimated stats,-Karen-,326408,23,48000,1025,https://www.torn.com/profiles.php?XID=326408,Unknown,Unknown,Unknown,Unknown
Torn Forum Leveling Targets,Targets 10k-100k estimated stats,_Loki_,1950897,27,50000,1653,https://www.torn.com/profiles.php?XID=1950897,Unknown,Unknown,Unknown,Unknown
Torn Forum Leveling Targets,Targets 10k-100k estimated stats,A320,1547185,30,50000,1443,https://www.torn.com/profiles.php?XID=1547185,Unknown,Unknown,Unknown,Unknown
Torn Forum Leveling Targets,Targets 10k-100k estimated stats,Signatured,1769514,14,50000,575,https://www.torn.com/profiles.php?XID=1769514,Unknown,Unknown,Unknown,Unknown
Torn Forum Leveling Targets,Targets 10k-100k estimated stats,IronManX329,2275007,20,51000,875,https://www.torn.com/profiles.php?XID=2275007,Unknown,Unknown,Unknown,Unknown
Torn Forum Leveling Targets,Targets 10k-100k estimated stats,useyou,2000099,26,52000,1351,https://www.torn.com/profiles.php?XID=2000099,Unknown,Unknown,Unknown,Unknown
Torn Forum Leveling Targets,Targets 10k-100k estimated stats,MentalNameless,1642492,24,54000,1290,https://www.torn.com/profiles.php?XID=1642492,Unknown,Unknown,Unknown,Unknown
Torn Forum Leveling Targets,Targets 10k-100k estimated stats,RocksCanFly,1629507,31,56000,1567,https://www.torn.com/profiles.php?XID=1629507,Unknown,Unknown,Unknown,Unknown
Torn Forum Leveling Targets,Targets 10k-100k estimated stats,lizuan,1330199,27,58000,1225,https://www.torn.com/profiles.php?XID=1330199,Unknown,Unknown,Unknown,Unknown
Torn Forum Leveling Targets,Targets 10k-100k estimated stats,Pahal,2270812,25,59000,1125,https://www.torn.com/profiles.php?XID=2270812,Unknown,Unknown,Unknown,Unknown
Torn Forum Leveling Targets,Targets 10k-100k estimated stats,LittleKiddo,2416488,20,61000,875,https://www.torn.com/profiles.php?XID=2416488,Unknown,Unknown,Unknown,Unknown
Torn Forum Leveling Targets,Targets 10k-100k estimated stats,ladyl06998,478639,27,61000,1470,https://www.torn.com/profiles.php?XID=478639,Unknown,Unknown,Unknown,Unknown
